stage,count,total_value,avg_value
Prospecting,8,2610000.0,326250.0
Qualification,9,3210000.0,356666.6666666667
Needs Analysis,5,1060000.0,212000.0
Proposal,6,1910000.0,318333.3333333333
Negotiation,12,2850000.0,237500.0
Closed Won,8,2250000.0,281250.0
Closed Lost,12,3230000.0,269166.6666666667
